dep,dep_name,gender,year,n_orp
5,Antioquia,Female,2015,2407.1604748392097
5,Antioquia,Female,2016,2332.361593747646
5,Antioquia,Female,2017,2342.648933935568
5,Antioquia,Female,2018,2407.589022595164
5,Antioquia,Female,2019,2386.998212640566
5,Antioquia,Female,2020,2797.423744443719
5,Antioquia,Female,2021,3472.7090387953153
5,Antioquia,Male,2015,6182.813206647797
5,Antioquia,Male,2016,6016.245986236289
5,Antioquia,Male,2017,5900.9014757205505
5,Antioquia,Male,2018,6225.010870906821
5,Antioquia,Male,2019,6067.1272274602225
5,Antioquia,Male,2020,7320.734885637758
5,Antioquia,Male,2021,9416.3748019864
8,Atlántico,Female,2015,969.9771800392311
8,Atlántico,Female,2016,915.1168953920221
8,Atlántico,Female,2017,932.8799818845507
8,Atlántico,Female,2018,947.2684886498714
8,Atlántico,Female,2019,975.7821906870644
8,Atlántico,Female,2020,1249.4752096738243
8,Atlántico,Female,2021,1540.6319166570477
8,Atlántico,Male,2015,2524.2445074011584
8,Atlántico,Male,2016,2391.9993908340316
8,Atlántico,Male,2017,2371.1967636519657
8,Atlántico,Male,2018,2471.5872180115757
8,Atlántico,Male,2019,2494.229099452062
8,Atlántico,Male,2020,3291.3029181139486
8,Atlántico,Male,2021,4219.291157092258
11,Bogotá,Female,2015,2518.9127882594266
11,Bogotá,Female,2016,2387.8188315935736
11,Bogotá,Female,2017,2372.351254314496
11,Bogotá,Female,2018,2284.229350924201
11,Bogotá,Female,2019,2370.3819941897173
11,Bogotá,Female,2020,2714.4081956034474
11,Bogotá,Female,2021,3576.462404494173
11,Bogotá,Male,2015,6283.800792255545
11,Bogotá,Male,2016,6002.81692817611
11,Bogotá,Male,2017,5817.333232725131
11,Bogotá,Male,2018,5762.88851168618
11,Bogotá,Male,2019,5868.565374054466
11,Bogotá,Male,2020,6889.440267635592
11,Bogotá,Male,2021,9461.730755866802
13,Bolívar,Female,2015,818.6476611193889
13,Bolívar,Female,2016,792.4953660137721
13,Bolívar,Female,2017,814.6801131280605
13,Bolívar,Female,2018,850.7887004333636
13,Bolívar,Female,2019,850.1412629368656
13,Bolívar,Female,2020,1131.9816081004083
13,Bolívar,Female,2021,1232.5880184685539
13,Bolívar,Male,2015,2229.0194299867367
13,Bolívar,Male,2016,2153.202034775606
13,Bolívar,Male,2017,2156.008730358645
13,Bolívar,Male,2018,2317.8480124710636
13,Bolívar,Male,2019,2257.441024402365
13,Bolívar,Male,2020,3111.967134552029
13,Bolívar,Male,2021,3530.3144749867224
15,Boyacá,Female,2015,471.2637773063131
15,Boyacá,Female,2016,448.8234650373291
15,Boyacá,Female,2017,440.2797665068466
15,Boyacá,Female,2018,435.0345741249324
15,Boyacá,Female,2019,430.6565160301601
15,Boyacá,Female,2020,518.7404237421363
15,Boyacá,Female,2021,627.8881737967292
15,Boyacá,Male,2015,1281.5494195572564
15,Boyacá,Male,2016,1225.4936830817105
15,Boyacá,Male,2017,1175.2927073548638
15,Boyacá,Male,2018,1192.5938574292059
15,Boyacá,Male,2019,1161.2004181459672
15,Boyacá,Male,2020,1464.46597475781
15,Boyacá,Male,2021,1830.278754972444
17,Caldas,Female,2015,372.3433888733418
17,Caldas,Female,2016,355.36400522898606
17,Caldas,Female,2017,346.4182835758283
17,Caldas,Female,2018,346.3307238269287
17,Caldas,Female,2019,341.4045732900611
17,Caldas,Female,2020,405.55394709286895
17,Caldas,Female,2021,504.86679590180853
17,Caldas,Male,2015,1004.6601940833004
17,Caldas,Male,2016,959.0252596804443
17,Caldas,Male,2017,913.155134508158
17,Caldas,Male,2018,933.4810825571083
17,Caldas,Male,2019,900.5704060933983
17,Caldas,Male,2020,1111.5919447228507
17,Caldas,Male,2021,1426.2682754637524
18,Caquetá,Female,2015,171.66395636918452
18,Caquetá,Female,2016,171.19107389572238
18,Caquetá,Female,2017,165.71017334539692
18,Caquetá,Female,2018,169.58978394156105
18,Caquetá,Female,2019,175.11194460135076
18,Caquetá,Female,2020,233.28638635381165
18,Caquetá,Female,2021,241.46623983880394
18,Caquetá,Male,2015,480.21887606159794
18,Caquetá,Male,2016,477.5466229465699
18,Caquetá,Male,2017,449.6165410928225
18,Caquetá,Male,2018,472.4030491338852
18,Caquetá,Male,2019,475.21899869086906
18,Caquetá,Male,2020,644.537524620824
18,Caquetá,Male,2021,695.6942392060773
19,Cauca,Female,2015,567.9011802117004
19,Cauca,Female,2016,546.6598587978959
19,Cauca,Female,2017,552.8926100383874
19,Cauca,Female,2018,582.6053875677527
19,Cauca,Female,2019,583.3432541546146
19,Cauca,Female,2020,725.0438331251593
19,Cauca,Female,2021,826.1639385932634
19,Cauca,Male,2015,1543.68423147074
19,Cauca,Male,2016,1487.6398272234444
19,Cauca,Male,2017,1457.4178304253442
19,Cauca,Male,2018,1578.6704952454504
19,Cauca,Male,2019,1538.1342116622216
19,Cauca,Male,2020,1973.7260566963628
19,Cauca,Male,2021,2335.5617612294827
20,Cesar,Female,2015,445.53798485501494
20,Cesar,Female,2016,434.195298448126
20,Cesar,Female,2017,446.6331215417955
20,Cesar,Female,2018,489.3693310199148
20,Cesar,Female,2019,492.6458137446138
20,Cesar,Female,2020,629.8305078742362
20,Cesar,Female,2021,742.2153660857643
20,Cesar,Male,2015,1166.7177628171949
20,Cesar,Male,2016,1137.354337667826
20,Cesar,Male,2017,1134.762358523916
20,Cesar,Male,2018,1271.0902061075346
20,Cesar,Male,2019,1247.4503241025116
20,Cesar,Male,2020,1649.0807545306172
20,Cesar,Male,2021,2031.5455586737871
23,Córdoba,Female,2015,694.8620647575582
23,Córdoba,Female,2016,670.5138177889856
23,Córdoba,Female,2017,673.3644707495652
23,Córdoba,Female,2018,712.8618584037948
23,Córdoba,Female,2019,703.0425396043672
23,Córdoba,Female,2020,929.4586484854528
23,Córdoba,Female,2021,1028.989228122636
23,Córdoba,Male,2015,1916.6329234717361
23,Córdoba,Male,2016,1848.2171009327137
23,Córdoba,Male,2017,1800.9423241245674
23,Córdoba,Male,2018,1959.435389932821
23,Córdoba,Male,2019,1881.4572924920508
23,Córdoba,Male,2020,2571.798427214612
23,Córdoba,Male,2021,2957.032819485243
25,Cundinamarca,Female,2015,971.7115033414037
25,Cundinamarca,Female,2016,965.093108799411
25,Cundinamarca,Female,2017,995.4561372936708
25,Cundinamarca,Female,2018,1012.8023269078782
25,Cundinamarca,Female,2019,1063.447678156917
25,Cundinamarca,Female,2020,1246.9625762798196
25,Cundinamarca,Female,2021,1612.0191214246336
25,Cundinamarca,Male,2015,2640.937172506392
25,Cundinamarca,Male,2016,2626.2256601387803
25,Cundinamarca,Male,2017,2629.2996293808037
25,Cundinamarca,Male,2018,2738.047957103752
25,Cundinamarca,Male,2019,2807.6158854596247
25,Cundinamarca,Male,2020,3407.483777048363
25,Cundinamarca,Male,2021,4556.065425511695
27,Chocó,Female,2015,236.83406536919844
27,Chocó,Female,2016,237.5142182689418
27,Chocó,Female,2017,234.05291670000213
27,Chocó,Female,2018,259.48559030715654
27,Chocó,Female,2019,264.5206350596656
27,Chocó,Female,2020,359.07064211417116
27,Chocó,Female,2021,395.1876650965863
27,Chocó,Male,2015,603.6683642049318
27,Chocó,Male,2016,601.2036369637932
27,Chocó,Male,2017,577.3803858277497
27,Chocó,Male,2018,659.7716858116681
27,Chocó,Male,2019,651.6090708787834
27,Chocó,Male,2020,907.2292159565483
27,Chocó,Male,2021,1034.1539598074667
41,Huila,Female,2015,463.5684109779782
41,Huila,Female,2016,455.3350555151119
41,Huila,Female,2017,444.8323293610084
41,Huila,Female,2018,452.00068901760415
41,Huila,Female,2019,446.5907912984172
41,Huila,Female,2020,571.571430451811
41,Huila,Female,2021,662.76162083050815
41,Huila,Male,2015,1269.7564211474614
41,Huila,Male,2016,1248.924337024147
41,Huila,Male,2017,1185.8590010280277
41,Huila,Male,2018,1237.8919293263589
41,Huila,Male,2019,1194.7745301551536
41,Huila,Male,2020,1572.2775747321764
41,Huila,Male,2021,1893.15266874677
44,La Guajira,Female,2015,357.4954505224829
44,La Guajira,Female,2016,356.2660608841321
44,La Guajira,Female,2017,367.15696162112243
44,La Guajira,Female,2018,444.4070309222128
44,La Guajira,Female,2019,459.11961992940695
44,La Guajira,Female,2020,621.0158062354129
44,La Guajira,Female,2021,694.1227047623585
44,La Guajira,Male,2015,899.7643473252338
44,La Guajira,Male,2016,891.6459754994569
44,La Guajira,Male,2017,893.30479233675
44,La Guajira,Male,2018,1099.8060760796814
44,La Guajira,Male,2019,1112.107715722607
44,La Guajira,Male,2020,1538.5076466062335
44,La Guajira,Male,2021,1806.7342484175317
47,Magdalena,Female,2015,528.8420693227725
47,Magdalena,Female,2016,514.2388529843488
47,Magdalena,Female,2017,519.5810064183398
47,Magdalena,Female,2018,577.2701447525421
47,Magdalena,Female,2019,567.4229755612191
47,Magdalena,Female,2020,746.7544706523455
47,Magdalena,Female,2021,913.5612795480241
47,Magdalena,Male,2015,1915.6706435404178
47,Magdalena,Male,2016,1884.7502421721128
47,Magdalena,Male,2017,1385.4302507155007
47,Magdalena,Male,2018,1568.567640535632
47,Magdalena,Male,2019,1512.3868068475401
47,Magdalena,Male,2020,2059.668903670027
47,Magdalena,Male,2021,2599.445849104097
50,Meta,Female,2015,400.45058688439053
50,Meta,Female,2016,388.60885196626384
50,Meta,Female,2017,365.6584721770273
50,Meta,Female,2018,375.539690758689
50,Meta,Female,2019,375.01945964645614
50,Meta,Female,2020,449.01469932334345
50,Meta,Female,2021,550.6077045360504
50,Meta,Male,2015,1128.6471301585636
50,Meta,Male,2016,1095.0847744679847
50,Meta,Male,2017,1005.3491823682858
50,Meta,Male,2018,1063.84443650805
50,Meta,Male,2019,1028.8182923062188
50,Meta,Male,2020,1275.816118207889
50,Meta,Male,2021,1620.9799786969306
52,Nariño,Female,2015,668.8470640223949
52,Nariño,Female,2016,641.8428533351239
52,Nariño,Female,2017,639.0683121975661
52,Nariño,Female,2018,667.0080523327447
52,Nariño,Female,2019,646.3004942113723
52,Nariño,Female,2020,836.918270175888
52,Nariño,Female,2021,947.7799438998991
52,Nariño,Male,2015,1769.9469015349812
52,Nariño,Male,2016,1698.610507962147
52,Nariño,Male,2017,1649.9320424886114
52,Nariño,Male,2018,1763.8173758674695
52,Nariño,Male,2019,1674.589670581487
52,Nariño,Male,2020,2220.666636389391
52,Nariño,Male,2021,2620.955444067427
54,Norte de Santander,Female,2015,576.1895607222021
54,Norte de Santander,Female,2016,568.1622387840887
54,Norte de Santander,Female,2017,578.6754498822845
54,Norte de Santander,Female,2018,619.3192614884113
54,Norte de Santander,Female,2019,638.0787764257427
54,Norte de Santander,Female,2020,843.1993415132774
54,Norte de Santander,Female,2021,923.5130564362867
54,Norte de Santander,Male,2015,1547.8232448162914
54,Norte de Santander,Male,2016,1526.4512475198194
54,Norte de Santander,Male,2017,1517.9780300288933
54,Norte de Santander,Male,2018,1663.548199168407
54,Norte de Santander,Male,2019,1676.0480913995607
54,Norte de Santander,Male,2020,2284.340711712456
54,Norte de Santander,Male,2021,2610.1500087006834
63,Quindío,Female,2015,211.3012262042132
63,Quindío,Female,2016,215.14015967345063
63,Quindío,Female,2017,194.43940532320894
63,Quindío,Female,2018,195.49914598509582
63,Quindío,Female,2019,188.73105252073992
63,Quindío,Female,2020,216.82600602677195
63,Quindío,Female,2021,261.20614347985025
63,Quindío,Male,2015,556.4230161014071
63,Quindío,Male,2016,566.8486102138513
63,Quindío,Male,2017,500.68359925061196
63,Quindío,Male,2018,515.9494037315297
63,Quindío,Male,2019,487.802911404026
63,Quindío,Male,2020,580.850434617928
63,Quindío,Male,2021,720.3949895172934
66,Risaralda,Female,2015,365.4425522766167
66,Risaralda,Female,2016,348.1958962707749
66,Risaralda,Female,2017,336.8902220097991
66,Risaralda,Female,2018,334.79494549037446
66,Risaralda,Female,2019,332.1762879473389
66,Risaralda,Female,2020,381.0498402167628
66,Risaralda,Female,2021,465.17751434831797
66,Risaralda,Male,2015,951.6967916893469
66,Risaralda,Male,2016,905.9843282070634
66,Risaralda,Male,2017,853.5213199036442
66,Risaralda,Male,2018,863.2675323628334
66,Risaralda,Male,2019,838.9650017630518
66,Risaralda,Male,2020,996.974597403188
66,Risaralda,Male,2021,1253.9690520162612
68,Santander,Female,2015,804.42636119238
68,Santander,Female,2016,755.2204995154277
68,Santander,Female,2017,746.127005410519
68,Santander,Female,2018,763.63977716313
68,Santander,Female,2019,769.7446654611591
68,Santander,Female,2020,953.7648918331757
68,Santander,Female,2021,1205.8086417856757
68,Santander,Male,2015,2162.8104660562285
68,Santander,Male,2016,2046.4176704315514
68,Santander,Male,2017,1976.1147901434504
68,Santander,Male,2018,2075.6897178006207
68,Santander,Male,2019,2046.7226097992695
68,Santander,Male,2020,2625.876046971038
68,Santander,Male,2021,3433.161126704879
70,Sucre,Female,2015,362.8207053791808
70,Sucre,Female,2016,352.6467900093759
70,Sucre,Female,2017,355.90720690576006
70,Sucre,Female,2018,379.77978175631006
70,Sucre,Female,2019,381.25278782543967
70,Sucre,Female,2020,497.3954120008926
70,Sucre,Female,2021,559.3096652550973
70,Sucre,Male,2015,1026.6180059336589
70,Sucre,Male,2016,995.8413413604013
70,Sucre,Male,2017,978.4654175171997
70,Sucre,Male,2018,1070.3802824445288
70,Sucre,Male,2019,1044.228133231762
70,Sucre,Male,2020,1418.4620963957796
70,Sucre,Male,2021,1652.628088141291
73,Tolima,Female,2015,495.35959063268535
73,Tolima,Female,2016,480.82468094574836
73,Tolima,Female,2017,467.8117730904762
73,Tolima,Female,2018,464.37092652308934
73,Tolima,Female,2019,458.8835251157582
73,Tolima,Female,2020,554.9420606557153
73,Tolima,Female,2021,672.7392980483843
73,Tolima,Male,2015,1389.3727672886782
73,Tolima,Male,2016,1347.5893081157617
73,Tolima,Male,2017,1281.36548488889
73,Tolima,Male,2018,1304.1297787566314
73,Tolima,Male,2019,1260.3595538236802
73,Tolima,Male,2020,1585.9732732254313
73,Tolima,Male,2021,1981.8442335168897
76,Valle del Cauca,Female,2015,1688.5309278118998
76,Valle del Cauca,Female,2016,1591.2261799054402
76,Valle del Cauca,Female,2017,1523.914324502479
76,Valle del Cauca,Female,2018,1559.9570679653013
76,Valle del Cauca,Female,2019,1573.2478679025
76,Valle del Cauca,Female,2020,1723.9445307076455
76,Valle del Cauca,Female,2021,2149.4494101192554
76,Valle del Cauca,Male,2015,4259.3863176376435
76,Valle del Cauca,Male,2016,4027.590214140282
76,Valle del Cauca,Male,2017,3751.9182486708414
76,Valle del Cauca,Male,2018,3888.101267336054
76,Valle del Cauca,Male,2019,3837.530924252031
76,Valle del Cauca,Male,2020,4344.666102423255
76,Valle del Cauca,Male,2021,5620.447793854362
81,Arauca,Female,2015,107.54439590946595
81,Arauca,Female,2016,106.3744751721565
81,Arauca,Female,2017,107.33889185067862
81,Arauca,Female,2018,115.26217187763167
81,Arauca,Female,2019,129.82652891889973
81,Arauca,Female,2020,147.62405995581102
81,Arauca,Female,2021,173.85539852595565
81,Arauca,Male,2015,300.41818596061705
81,Arauca,Male,2016,295.50879995333514
81,Arauca,Male,2017,288.21320291464383
81,Arauca,Male,2018,315.0305276927619
81,Arauca,Male,2019,341.204431040026
81,Arauca,Male,2020,401.9756708892876
81,Arauca,Male,2021,490.5192289544508
85,Casanare,Female,2015,145.95686202611867
85,Casanare,Female,2016,143.97892757848652
85,Casanare,Female,2017,143.78335890489666
85,Casanare,Female,2018,149.04364907629613
85,Casanare,Female,2019,154.74613718583373
85,Casanare,Female,2020,191.19526503990707
85,Casanare,Female,2021,254.86888143715623
85,Casanare,Male,2015,411.41998109584415
85,Casanare,Male,2016,403.56183379911187
85,Casanare,Male,2017,390.5357737424939
85,Casanare,Male,2018,412.96763294744164
85,Casanare,Male,2019,415.80054343988826
85,Casanare,Male,2020,529.3059438483727
85,Casanare,Male,2021,728.7220690896426
86,Putumayo,Female,2015,130.44889577369122
86,Putumayo,Female,2016,126.59789534165841
86,Putumayo,Female,2017,148.17904330936838
86,Putumayo,Female,2018,140.53466321753731
86,Putumayo,Female,2019,135.7941163712571
86,Putumayo,Female,2020,179.3603718788953
86,Putumayo,Female,2021,210.67110462423565
86,Putumayo,Male,2015,356.4061672839975
86,Putumayo,Male,2016,346.4372489306542
86,Putumayo,Male,2017,389.2017424697826
86,Putumayo,Male,2018,380.47033427205827
86,Putumayo,Male,2019,358.69595164652077
86,Putumayo,Male,2020,483.502978427966
86,Putumayo,Male,2021,590.9755603681917
88,"Archipelago de San Andrés, Providencia y Santa Catalina",Female,2015,21.728390950129423
88,"Archipelago de San Andrés, Providencia y Santa Catalina",Female,2016,20.56953077291165
88,"Archipelago de San Andrés, Providencia y Santa Catalina",Female,2017,20.765123506150694
88,"Archipelago de San Andrés, Providencia y Santa Catalina",Female,2018,19.894293845331543
88,"Archipelago de San Andrés, Providencia y Santa Catalina",Female,2019,20.001308563540903
88,"Archipelago de San Andrés, Providencia y Santa Catalina",Female,2020,23.71617350681332
88,"Archipelago de San Andrés, Providencia y Santa Catalina",Female,2021,30.080222378530287
88,"Archipelago de San Andrés, Providencia y Santa Catalina",Male,2015,55.47573836246315
88,"Archipelago de San Andrés, Providencia y Santa Catalina",Male,2016,52.923196905195155
88,"Archipelago de San Andrés, Providencia y Santa Catalina",Male,2017,52.197692510674756
88,"Archipelago de San Andrés, Providencia y Santa Catalina",Male,2018,51.06203815242421
88,"Archipelago de San Andrés, Providencia y Santa Catalina",Male,2019,49.914045386389816
88,"Archipelago de San Andrés, Providencia y Santa Catalina",Male,2020,59.98830451385889
88,"Archipelago de San Andrés, Providencia y Santa Catalina",Male,2021,78.11945186926428
91,Amazonas,Female,2015,36.1581767592001
91,Amazonas,Female,2016,29.4813485005326
91,Amazonas,Female,2017,30.124640564094413
91,Amazonas,Female,2018,33.10050374253349
91,Amazonas,Female,2019,34.631816600730474
91,Amazonas,Female,2020,60.53425094818819
91,Amazonas,Female,2021,62.99576840736744
91,Amazonas,Male,2015,107.67693039197867
91,Amazonas,Male,2016,88.37700300623972
91,Amazonas,Male,2017,86.16602811789373
91,Amazonas,Male,2018,98.02304281955188
91,Amazonas,Male,2019,97.92405610940648
91,Amazonas,Male,2020,172.58519516836063
91,Amazonas,Male,2021,186.27956238801448
94,Guainía,Female,2015,15.992257290738983
94,Guainía,Female,2016,16.590988200161025
94,Guainía,Female,2017,16.549592839899663
94,Guainía,Female,2018,20.91100432156508
94,Guainía,Female,2019,19.1659940495045
94,Guainía,Female,2020,28.80725009919928
94,Guainía,Female,2021,29.28676636441755
94,Guainía,Male,2015,48.19311303036196
94,Guainía,Male,2016,49.00154799006319
94,Guainía,Male,2017,47.303254042808526
94,Guainía,Male,2018,60.92539541226457
94,Guainía,Male,2019,54.517534982996374
94,Guainía,Male,2020,83.32552932886517
94,Guainía,Male,2021,87.83171500026805
95,Guaviare,Female,2015,28.86158553314335
95,Guaviare,Female,2016,28.75165303708379
95,Guaviare,Female,2017,31.309319741822186
95,Guaviare,Female,2018,33.864756116497816
95,Guaviare,Female,2019,37.244864894685605
95,Guaviare,Female,2020,41.18862966413276
95,Guaviare,Female,2021,49.520800560217914
95,Guaviare,Male,2015,95.09098261770625
95,Guaviare,Male,2016,95.0886686534097
95,Guaviare,Male,2017,97.54548899907805
95,Guaviare,Male,2018,107.99400672222912
95,Guaviare,Male,2019,114.53069674051628
95,Guaviare,Male,2020,130.79132742990112
95,Guaviare,Male,2021,160.42808951154532
97,Vaupés,Female,2015,14.10562733570433
97,Vaupés,Female,2016,14.59636240048698
97,Vaupés,Female,2017,14.000432141037777
97,Vaupés,Female,2018,15.791119390542173
97,Vaupés,Female,2019,15.809191689791577
97,Vaupés,Female,2020,21.48479555389117
97,Vaupés,Female,2021,21.318568005793487
97,Vaupés,Male,2015,47.715072010133184
97,Vaupés,Male,2016,46.694688589347436
97,Vaupés,Male,2017,43.630735942948654
97,Vaupés,Male,2018,50.65326675162013
97,Vaupés,Male,2019,50.85658247269568
97,Vaupés,Male,2020,67.74744816789871
97,Vaupés,Male,2021,71.74562730395272
99,Vichada,Female,2015,43.8760496547032
99,Vichada,Female,2016,42.119885486006865
99,Vichada,Female,2017,43.62672767626178
99,Vichada,Female,2018,51.326340246391354
99,Vichada,Female,2019,49.652544244818124
99,Vichada,Female,2020,72.17965427605577
99,Vichada,Female,2021,73.98712679282318
99,Vichada,Male,2015,141.82615526124118
99,Vichada,Male,2016,136.4296394387078
99,Vichada,Male,2017,136.2496083057251
99,Vichada,Male,2018,160.99376030994864
99,Vichada,Male,2019,151.16187444249636
99,Vichada,Male,2020,222.53332596806328
99,Vichada,Male,2021,237.11709200087753
